orgname,orgref,superuser,superuserpassword,user,password
perf-prl-oxkoF,XYEKPZM,perf-prl-oxkoF-su@mailinator.com,Pass19word,perf-prl-oxkoF-user0@mailinator.com,Pass19word
perf-prl-oxkoF,XYEKPZM,perf-prl-oxkoF-su@mailinator.com,Pass19word,perf-prl-oxkoF-user1@mailinator.com,Pass19word
perf-prl-oxkoF,XYEKPZM,perf-prl-oxkoF-su@mailinator.com,Pass19word,perf-prl-oxkoF-user2@mailinator.com,Pass19word
perf-prl-kcGDx,TBYTKET,perf-prl-kcGDx-su@mailinator.com,Pass19word,perf-prl-kcGDx-user0@mailinator.com,Pass19word
perf-prl-oxkoF,XYEKPZM,perf-prl-oxkoF-su@mailinator.com,Pass19word,perf-prl-oxkoF-user3@mailinator.com,Pass19word
perf-prl-kcGDx,TBYTKET,perf-prl-kcGDx-su@mailinator.com,Pass19word,perf-prl-kcGDx-user1@mailinator.com,Pass19word
perf-prl-kcGDx,TBYTKET,perf-prl-kcGDx-su@mailinator.com,Pass19word,perf-prl-kcGDx-user2@mailinator.com,Pass19word
perf-prl-kcGDx,TBYTKET,perf-prl-kcGDx-su@mailinator.com,Pass19word,perf-prl-kcGDx-user3@mailinator.com,Pass19word
perf-prl-ZUKZl,MBA5QNV,perf-prl-ZUKZl-su@mailinator.com,Pass19word,perf-prl-ZUKZl-user0@mailinator.com,Pass19word
perf-prl-ZUKZl,MBA5QNV,perf-prl-ZUKZl-su@mailinator.com,Pass19word,perf-prl-ZUKZl-user1@mailinator.com,Pass19word
perf-prl-VBPWA,S4EOYG3,perf-prl-VBPWA-su@mailinator.com,Pass19word,perf-prl-VBPWA-user0@mailinator.com,Pass19word
perf-prl-ZUKZl,MBA5QNV,perf-prl-ZUKZl-su@mailinator.com,Pass19word,perf-prl-ZUKZl-user2@mailinator.com,Pass19word
perf-prl-VBPWA,S4EOYG3,perf-prl-VBPWA-su@mailinator.com,Pass19word,perf-prl-VBPWA-user1@mailinator.com,Pass19word
perf-prl-ZUKZl,MBA5QNV,perf-prl-ZUKZl-su@mailinator.com,Pass19word,perf-prl-ZUKZl-user3@mailinator.com,Pass19word
perf-prl-imrTz,BF9DFPL,perf-prl-imrTz-su@mailinator.com,Pass19word,perf-prl-imrTz-user0@mailinator.com,Pass19word
perf-prl-VBPWA,S4EOYG3,perf-prl-VBPWA-su@mailinator.com,Pass19word,perf-prl-VBPWA-user2@mailinator.com,Pass19word
perf-prl-imrTz,BF9DFPL,perf-prl-imrTz-su@mailinator.com,Pass19word,perf-prl-imrTz-user1@mailinator.com,Pass19word
perf-prl-VBPWA,S4EOYG3,perf-prl-VBPWA-su@mailinator.com,Pass19word,perf-prl-VBPWA-user3@mailinator.com,Pass19word
perf-prl-OleTm,XFJHIJW,perf-prl-OleTm-su@mailinator.com,Pass19word,perf-prl-OleTm-user0@mailinator.com,Pass19word
perf-prl-imrTz,BF9DFPL,perf-prl-imrTz-su@mailinator.com,Pass19word,perf-prl-imrTz-user2@mailinator.com,Pass19word
perf-prl-OleTm,XFJHIJW,perf-prl-OleTm-su@mailinator.com,Pass19word,perf-prl-OleTm-user1@mailinator.com,Pass19word
perf-prl-imrTz,BF9DFPL,perf-prl-imrTz-su@mailinator.com,Pass19word,perf-prl-imrTz-user3@mailinator.com,Pass19word
perf-prl-fJdfP,GGG7MOF,perf-prl-fJdfP-su@mailinator.com,Pass19word,perf-prl-fJdfP-user0@mailinator.com,Pass19word
perf-prl-OleTm,XFJHIJW,perf-prl-OleTm-su@mailinator.com,Pass19word,perf-prl-OleTm-user2@mailinator.com,Pass19word
perf-prl-fJdfP,GGG7MOF,perf-prl-fJdfP-su@mailinator.com,Pass19word,perf-prl-fJdfP-user1@mailinator.com,Pass19word
perf-prl-OleTm,XFJHIJW,perf-prl-OleTm-su@mailinator.com,Pass19word,perf-prl-OleTm-user3@mailinator.com,Pass19word
perf-prl-xOOOs,0D9NZKJ,perf-prl-xOOOs-su@mailinator.com,Pass19word,perf-prl-xOOOs-user0@mailinator.com,Pass19word
perf-prl-fJdfP,GGG7MOF,perf-prl-fJdfP-su@mailinator.com,Pass19word,perf-prl-fJdfP-user2@mailinator.com,Pass19word
perf-prl-xOOOs,0D9NZKJ,perf-prl-xOOOs-su@mailinator.com,Pass19word,perf-prl-xOOOs-user1@mailinator.com,Pass19word
perf-prl-fJdfP,GGG7MOF,perf-prl-fJdfP-su@mailinator.com,Pass19word,perf-prl-fJdfP-user3@mailinator.com,Pass19word
perf-prl-jYbrf,8Q8P2MJ,perf-prl-jYbrf-su@mailinator.com,Pass19word,perf-prl-jYbrf-user0@mailinator.com,Pass19word
perf-prl-xOOOs,0D9NZKJ,perf-prl-xOOOs-su@mailinator.com,Pass19word,perf-prl-xOOOs-user2@mailinator.com,Pass19word
perf-prl-jYbrf,8Q8P2MJ,perf-prl-jYbrf-su@mailinator.com,Pass19word,perf-prl-jYbrf-user1@mailinator.com,Pass19word
perf-prl-xOOOs,0D9NZKJ,perf-prl-xOOOs-su@mailinator.com,Pass19word,perf-prl-xOOOs-user3@mailinator.com,Pass19word
perf-prl-pxJZn,VYHYBBP,perf-prl-pxJZn-su@mailinator.com,Pass19word,perf-prl-pxJZn-user0@mailinator.com,Pass19word
perf-prl-jYbrf,8Q8P2MJ,perf-prl-jYbrf-su@mailinator.com,Pass19word,perf-prl-jYbrf-user2@mailinator.com,Pass19word
perf-prl-pxJZn,VYHYBBP,perf-prl-pxJZn-su@mailinator.com,Pass19word,perf-prl-pxJZn-user1@mailinator.com,Pass19word
perf-prl-jYbrf,8Q8P2MJ,perf-prl-jYbrf-su@mailinator.com,Pass19word,perf-prl-jYbrf-user3@mailinator.com,Pass19word
perf-prl-pxJZn,VYHYBBP,perf-prl-pxJZn-su@mailinator.com,Pass19word,perf-prl-pxJZn-user2@mailinator.com,Pass19word
perf-prl-pxJZn,VYHYBBP,perf-prl-pxJZn-su@mailinator.com,Pass19word,perf-prl-pxJZn-user3@mailinator.com,Pass19word
perf-prl-YpaFg,YJKUAV5,perf-prl-YpaFg-su@mailinator.com,Pass19word,perf-prl-YpaFg-user0@mailinator.com,Pass19word
perf-prl-YpaFg,YJKUAV5,perf-prl-YpaFg-su@mailinator.com,Pass19word,perf-prl-YpaFg-user1@mailinator.com,Pass19word
perf-prl-Pszko,XH5I2FZ,perf-prl-Pszko-su@mailinator.com,Pass19word,perf-prl-Pszko-user0@mailinator.com,Pass19word
perf-prl-YpaFg,YJKUAV5,perf-prl-YpaFg-su@mailinator.com,Pass19word,perf-prl-YpaFg-user2@mailinator.com,Pass19word
perf-prl-YpaFg,YJKUAV5,perf-prl-YpaFg-su@mailinator.com,Pass19word,perf-prl-YpaFg-user3@mailinator.com,Pass19word
perf-prl-Pszko,XH5I2FZ,perf-prl-Pszko-su@mailinator.com,Pass19word,perf-prl-Pszko-user1@mailinator.com,Pass19word
perf-prl-Pszko,XH5I2FZ,perf-prl-Pszko-su@mailinator.com,Pass19word,perf-prl-Pszko-user2@mailinator.com,Pass19word
perf-prl-dhZPN,2XFS8YE,perf-prl-dhZPN-su@mailinator.com,Pass19word,perf-prl-dhZPN-user0@mailinator.com,Pass19word
perf-prl-Pszko,XH5I2FZ,perf-prl-Pszko-su@mailinator.com,Pass19word,perf-prl-Pszko-user3@mailinator.com,Pass19word
perf-prl-dhZPN,2XFS8YE,perf-prl-dhZPN-su@mailinator.com,Pass19word,perf-prl-dhZPN-user1@mailinator.com,Pass19word
perf-prl-bGmxw,4EXPATN,perf-prl-bGmxw-su@mailinator.com,Pass19word,perf-prl-bGmxw-user0@mailinator.com,Pass19word
perf-prl-dhZPN,2XFS8YE,perf-prl-dhZPN-su@mailinator.com,Pass19word,perf-prl-dhZPN-user2@mailinator.com,Pass19word
perf-prl-bGmxw,4EXPATN,perf-prl-bGmxw-su@mailinator.com,Pass19word,perf-prl-bGmxw-user1@mailinator.com,Pass19word
perf-prl-dhZPN,2XFS8YE,perf-prl-dhZPN-su@mailinator.com,Pass19word,perf-prl-dhZPN-user3@mailinator.com,Pass19word
perf-prl-bGmxw,4EXPATN,perf-prl-bGmxw-su@mailinator.com,Pass19word,perf-prl-bGmxw-user2@mailinator.com,Pass19word
perf-prl-kphiN,47S9OPX,perf-prl-kphiN-su@mailinator.com,Pass19word,perf-prl-kphiN-user0@mailinator.com,Pass19word
perf-prl-kphiN,47S9OPX,perf-prl-kphiN-su@mailinator.com,Pass19word,perf-prl-kphiN-user1@mailinator.com,Pass19word
perf-prl-bGmxw,4EXPATN,perf-prl-bGmxw-su@mailinator.com,Pass19word,perf-prl-bGmxw-user3@mailinator.com,Pass19word
perf-prl-kphiN,47S9OPX,perf-prl-kphiN-su@mailinator.com,Pass19word,perf-prl-kphiN-user2@mailinator.com,Pass19word
perf-prl-TbIOw,OY3KA5W,perf-prl-TbIOw-su@mailinator.com,Pass19word,perf-prl-TbIOw-user0@mailinator.com,Pass19word
perf-prl-kphiN,47S9OPX,perf-prl-kphiN-su@mailinator.com,Pass19word,perf-prl-kphiN-user3@mailinator.com,Pass19word
perf-prl-TbIOw,OY3KA5W,perf-prl-TbIOw-su@mailinator.com,Pass19word,perf-prl-TbIOw-user1@mailinator.com,Pass19word
perf-prl-TbIOw,OY3KA5W,perf-prl-TbIOw-su@mailinator.com,Pass19word,perf-prl-TbIOw-user2@mailinator.com,Pass19word
perf-prl-YIDWr,9FAG2JD,perf-prl-YIDWr-su@mailinator.com,Pass19word,perf-prl-YIDWr-user0@mailinator.com,Pass19word
perf-prl-YIDWr,9FAG2JD,perf-prl-YIDWr-su@mailinator.com,Pass19word,perf-prl-YIDWr-user1@mailinator.com,Pass19word
perf-prl-TbIOw,OY3KA5W,perf-prl-TbIOw-su@mailinator.com,Pass19word,perf-prl-TbIOw-user3@mailinator.com,Pass19word
perf-prl-YIDWr,9FAG2JD,perf-prl-YIDWr-su@mailinator.com,Pass19word,perf-prl-YIDWr-user2@mailinator.com,Pass19word
perf-prl-bRtHO,AVZKLLT,perf-prl-bRtHO-su@mailinator.com,Pass19word,perf-prl-bRtHO-user0@mailinator.com,Pass19word
perf-prl-YIDWr,9FAG2JD,perf-prl-YIDWr-su@mailinator.com,Pass19word,perf-prl-YIDWr-user3@mailinator.com,Pass19word
perf-prl-bRtHO,AVZKLLT,perf-prl-bRtHO-su@mailinator.com,Pass19word,perf-prl-bRtHO-user1@mailinator.com,Pass19word
perf-prl-qVAUn,V9F1RYB,perf-prl-qVAUn-su@mailinator.com,Pass19word,perf-prl-qVAUn-user0@mailinator.com,Pass19word
perf-prl-bRtHO,AVZKLLT,perf-prl-bRtHO-su@mailinator.com,Pass19word,perf-prl-bRtHO-user2@mailinator.com,Pass19word
perf-prl-qVAUn,V9F1RYB,perf-prl-qVAUn-su@mailinator.com,Pass19word,perf-prl-qVAUn-user1@mailinator.com,Pass19word
perf-prl-bRtHO,AVZKLLT,perf-prl-bRtHO-su@mailinator.com,Pass19word,perf-prl-bRtHO-user3@mailinator.com,Pass19word
perf-prl-qVAUn,V9F1RYB,perf-prl-qVAUn-su@mailinator.com,Pass19word,perf-prl-qVAUn-user2@mailinator.com,Pass19word
perf-prl-OqJas,RVTH9T0,perf-prl-OqJas-su@mailinator.com,Pass19word,perf-prl-OqJas-user0@mailinator.com,Pass19word
perf-prl-qVAUn,V9F1RYB,perf-prl-qVAUn-su@mailinator.com,Pass19word,perf-prl-qVAUn-user3@mailinator.com,Pass19word
perf-prl-OqJas,RVTH9T0,perf-prl-OqJas-su@mailinator.com,Pass19word,perf-prl-OqJas-user1@mailinator.com,Pass19word
perf-prl-OqJas,RVTH9T0,perf-prl-OqJas-su@mailinator.com,Pass19word,perf-prl-OqJas-user2@mailinator.com,Pass19word
perf-prl-OqJas,RVTH9T0,perf-prl-OqJas-su@mailinator.com,Pass19word,perf-prl-OqJas-user3@mailinator.com,Pass19word
perf-prl-wkpOK,W3R7YMN,perf-prl-wkpOK-su@mailinator.com,Pass19word,perf-prl-wkpOK-user0@mailinator.com,Pass19word
perf-prl-wkpOK,W3R7YMN,perf-prl-wkpOK-su@mailinator.com,Pass19word,perf-prl-wkpOK-user1@mailinator.com,Pass19word
perf-prl-dsUvF,OC6EF66,perf-prl-dsUvF-su@mailinator.com,Pass19word,perf-prl-dsUvF-user0@mailinator.com,Pass19word
perf-prl-wkpOK,W3R7YMN,perf-prl-wkpOK-su@mailinator.com,Pass19word,perf-prl-wkpOK-user2@mailinator.com,Pass19word
perf-prl-dsUvF,OC6EF66,perf-prl-dsUvF-su@mailinator.com,Pass19word,perf-prl-dsUvF-user1@mailinator.com,Pass19word
perf-prl-wkpOK,W3R7YMN,perf-prl-wkpOK-su@mailinator.com,Pass19word,perf-prl-wkpOK-user3@mailinator.com,Pass19word
perf-prl-dsUvF,OC6EF66,perf-prl-dsUvF-su@mailinator.com,Pass19word,perf-prl-dsUvF-user2@mailinator.com,Pass19word
perf-prl-eRycB,YXYZGRB,perf-prl-eRycB-su@mailinator.com,Pass19word,perf-prl-eRycB-user0@mailinator.com,Pass19word
perf-prl-dsUvF,OC6EF66,perf-prl-dsUvF-su@mailinator.com,Pass19word,perf-prl-dsUvF-user3@mailinator.com,Pass19word
perf-prl-eRycB,YXYZGRB,perf-prl-eRycB-su@mailinator.com,Pass19word,perf-prl-eRycB-user1@mailinator.com,Pass19word
perf-prl-QppNZ,62X6HFV,perf-prl-QppNZ-su@mailinator.com,Pass19word,perf-prl-QppNZ-user0@mailinator.com,Pass19word
perf-prl-eRycB,YXYZGRB,perf-prl-eRycB-su@mailinator.com,Pass19word,perf-prl-eRycB-user2@mailinator.com,Pass19word
perf-prl-QppNZ,62X6HFV,perf-prl-QppNZ-su@mailinator.com,Pass19word,perf-prl-QppNZ-user1@mailinator.com,Pass19word
perf-prl-eRycB,YXYZGRB,perf-prl-eRycB-su@mailinator.com,Pass19word,perf-prl-eRycB-user3@mailinator.com,Pass19word
perf-prl-BYABb,F7692HB,perf-prl-BYABb-su@mailinator.com,Pass19word,perf-prl-BYABb-user0@mailinator.com,Pass19word
perf-prl-QppNZ,62X6HFV,perf-prl-QppNZ-su@mailinator.com,Pass19word,perf-prl-QppNZ-user2@mailinator.com,Pass19word
perf-prl-BYABb,F7692HB,perf-prl-BYABb-su@mailinator.com,Pass19word,perf-prl-BYABb-user1@mailinator.com,Pass19word
perf-prl-QppNZ,62X6HFV,perf-prl-QppNZ-su@mailinator.com,Pass19word,perf-prl-QppNZ-user3@mailinator.com,Pass19word
perf-prl-BYABb,F7692HB,perf-prl-BYABb-su@mailinator.com,Pass19word,perf-prl-BYABb-user2@mailinator.com,Pass19word
perf-prl-WsaOj,NAD8O3H,perf-prl-WsaOj-su@mailinator.com,Pass19word,perf-prl-WsaOj-user0@mailinator.com,Pass19word
perf-prl-BYABb,F7692HB,perf-prl-BYABb-su@mailinator.com,Pass19word,perf-prl-BYABb-user3@mailinator.com,Pass19word
perf-prl-WsaOj,NAD8O3H,perf-prl-WsaOj-su@mailinator.com,Pass19word,perf-prl-WsaOj-user1@mailinator.com,Pass19word
perf-prl-QIHjt,7MDWTSD,perf-prl-QIHjt-su@mailinator.com,Pass19word,perf-prl-QIHjt-user0@mailinator.com,Pass19word
perf-prl-WsaOj,NAD8O3H,perf-prl-WsaOj-su@mailinator.com,Pass19word,perf-prl-WsaOj-user2@mailinator.com,Pass19word
perf-prl-WsaOj,NAD8O3H,perf-prl-WsaOj-su@mailinator.com,Pass19word,perf-prl-WsaOj-user3@mailinator.com,Pass19word
perf-prl-QIHjt,7MDWTSD,perf-prl-QIHjt-su@mailinator.com,Pass19word,perf-prl-QIHjt-user1@mailinator.com,Pass19word
perf-prl-QEorR,3ZMATI3,perf-prl-QEorR-su@mailinator.com,Pass19word,perf-prl-QEorR-user0@mailinator.com,Pass19word
perf-prl-QIHjt,7MDWTSD,perf-prl-QIHjt-su@mailinator.com,Pass19word,perf-prl-QIHjt-user2@mailinator.com,Pass19word
perf-prl-QEorR,3ZMATI3,perf-prl-QEorR-su@mailinator.com,Pass19word,perf-prl-QEorR-user1@mailinator.com,Pass19word
perf-prl-QIHjt,7MDWTSD,perf-prl-QIHjt-su@mailinator.com,Pass19word,perf-prl-QIHjt-user3@mailinator.com,Pass19word
perf-prl-QEorR,3ZMATI3,perf-prl-QEorR-su@mailinator.com,Pass19word,perf-prl-QEorR-user2@mailinator.com,Pass19word
perf-prl-eaHmy,41G2STV,perf-prl-eaHmy-su@mailinator.com,Pass19word,perf-prl-eaHmy-user0@mailinator.com,Pass19word
perf-prl-QEorR,3ZMATI3,perf-prl-QEorR-su@mailinator.com,Pass19word,perf-prl-QEorR-user3@mailinator.com,Pass19word
perf-prl-eaHmy,41G2STV,perf-prl-eaHmy-su@mailinator.com,Pass19word,perf-prl-eaHmy-user1@mailinator.com,Pass19word
perf-prl-aALof,U1NS7EH,perf-prl-aALof-su@mailinator.com,Pass19word,perf-prl-aALof-user0@mailinator.com,Pass19word
perf-prl-eaHmy,41G2STV,perf-prl-eaHmy-su@mailinator.com,Pass19word,perf-prl-eaHmy-user2@mailinator.com,Pass19word
perf-prl-aALof,U1NS7EH,perf-prl-aALof-su@mailinator.com,Pass19word,perf-prl-aALof-user1@mailinator.com,Pass19word
perf-prl-eaHmy,41G2STV,perf-prl-eaHmy-su@mailinator.com,Pass19word,perf-prl-eaHmy-user3@mailinator.com,Pass19word
perf-prl-aALof,U1NS7EH,perf-prl-aALof-su@mailinator.com,Pass19word,perf-prl-aALof-user2@mailinator.com,Pass19word
perf-prl-aALof,U1NS7EH,perf-prl-aALof-su@mailinator.com,Pass19word,perf-prl-aALof-user3@mailinator.com,Pass19word
perf-prl-FswCN,C522KMT,perf-prl-FswCN-su@mailinator.com,Pass19word,perf-prl-FswCN-user0@mailinator.com,Pass19word
perf-prl-FswCN,C522KMT,perf-prl-FswCN-su@mailinator.com,Pass19word,perf-prl-FswCN-user1@mailinator.com,Pass19word
perf-prl-XsTvC,J9NQ974,perf-prl-XsTvC-su@mailinator.com,Pass19word,perf-prl-XsTvC-user0@mailinator.com,Pass19word
perf-prl-FswCN,C522KMT,perf-prl-FswCN-su@mailinator.com,Pass19word,perf-prl-FswCN-user2@mailinator.com,Pass19word
perf-prl-FswCN,C522KMT,perf-prl-FswCN-su@mailinator.com,Pass19word,perf-prl-FswCN-user3@mailinator.com,Pass19word
perf-prl-XsTvC,J9NQ974,perf-prl-XsTvC-su@mailinator.com,Pass19word,perf-prl-XsTvC-user1@mailinator.com,Pass19word
perf-prl-sHkkL,TSGGR7P,perf-prl-sHkkL-su@mailinator.com,Pass19word,perf-prl-sHkkL-user0@mailinator.com,Pass19word
perf-prl-XsTvC,J9NQ974,perf-prl-XsTvC-su@mailinator.com,Pass19word,perf-prl-XsTvC-user2@mailinator.com,Pass19word
perf-prl-sHkkL,TSGGR7P,perf-prl-sHkkL-su@mailinator.com,Pass19word,perf-prl-sHkkL-user1@mailinator.com,Pass19word
perf-prl-XsTvC,J9NQ974,perf-prl-XsTvC-su@mailinator.com,Pass19word,perf-prl-XsTvC-user3@mailinator.com,Pass19word
perf-prl-tpyvM,P3JRYPI,perf-prl-tpyvM-su@mailinator.com,Pass19word,perf-prl-tpyvM-user0@mailinator.com,Pass19word
perf-prl-sHkkL,TSGGR7P,perf-prl-sHkkL-su@mailinator.com,Pass19word,perf-prl-sHkkL-user2@mailinator.com,Pass19word
perf-prl-tpyvM,P3JRYPI,perf-prl-tpyvM-su@mailinator.com,Pass19word,perf-prl-tpyvM-user1@mailinator.com,Pass19word
perf-prl-sHkkL,TSGGR7P,perf-prl-sHkkL-su@mailinator.com,Pass19word,perf-prl-sHkkL-user3@mailinator.com,Pass19word
perf-prl-tpyvM,P3JRYPI,perf-prl-tpyvM-su@mailinator.com,Pass19word,perf-prl-tpyvM-user2@mailinator.com,Pass19word
perf-prl-wnfBz,5IRURML,perf-prl-wnfBz-su@mailinator.com,Pass19word,perf-prl-wnfBz-user0@mailinator.com,Pass19word
perf-prl-tpyvM,P3JRYPI,perf-prl-tpyvM-su@mailinator.com,Pass19word,perf-prl-tpyvM-user3@mailinator.com,Pass19word
perf-prl-wnfBz,5IRURML,perf-prl-wnfBz-su@mailinator.com,Pass19word,perf-prl-wnfBz-user1@mailinator.com,Pass19word
perf-prl-HRzuw,X5OYJWO,perf-prl-HRzuw-su@mailinator.com,Pass19word,perf-prl-HRzuw-user0@mailinator.com,Pass19word
perf-prl-wnfBz,5IRURML,perf-prl-wnfBz-su@mailinator.com,Pass19word,perf-prl-wnfBz-user2@mailinator.com,Pass19word
perf-prl-HRzuw,X5OYJWO,perf-prl-HRzuw-su@mailinator.com,Pass19word,perf-prl-HRzuw-user1@mailinator.com,Pass19word
perf-prl-wnfBz,5IRURML,perf-prl-wnfBz-su@mailinator.com,Pass19word,perf-prl-wnfBz-user3@mailinator.com,Pass19word
perf-prl-HRzuw,X5OYJWO,perf-prl-HRzuw-su@mailinator.com,Pass19word,perf-prl-HRzuw-user2@mailinator.com,Pass19word
perf-prl-gflMh,F78WYW2,perf-prl-gflMh-su@mailinator.com,Pass19word,perf-prl-gflMh-user0@mailinator.com,Pass19word
perf-prl-HRzuw,X5OYJWO,perf-prl-HRzuw-su@mailinator.com,Pass19word,perf-prl-HRzuw-user3@mailinator.com,Pass19word
perf-prl-gflMh,F78WYW2,perf-prl-gflMh-su@mailinator.com,Pass19word,perf-prl-gflMh-user1@mailinator.com,Pass19word
perf-prl-kaOys,CMM6SWT,perf-prl-kaOys-su@mailinator.com,Pass19word,perf-prl-kaOys-user0@mailinator.com,Pass19word
perf-prl-gflMh,F78WYW2,perf-prl-gflMh-su@mailinator.com,Pass19word,perf-prl-gflMh-user2@mailinator.com,Pass19word
perf-prl-kaOys,CMM6SWT,perf-prl-kaOys-su@mailinator.com,Pass19word,perf-prl-kaOys-user1@mailinator.com,Pass19word
perf-prl-gflMh,F78WYW2,perf-prl-gflMh-su@mailinator.com,Pass19word,perf-prl-gflMh-user3@mailinator.com,Pass19word
perf-prl-kaOys,CMM6SWT,perf-prl-kaOys-su@mailinator.com,Pass19word,perf-prl-kaOys-user2@mailinator.com,Pass19word
perf-prl-fUDKp,OJTQ7JP,perf-prl-fUDKp-su@mailinator.com,Pass19word,perf-prl-fUDKp-user0@mailinator.com,Pass19word
perf-prl-kaOys,CMM6SWT,perf-prl-kaOys-su@mailinator.com,Pass19word,perf-prl-kaOys-user3@mailinator.com,Pass19word
perf-prl-fUDKp,OJTQ7JP,perf-prl-fUDKp-su@mailinator.com,Pass19word,perf-prl-fUDKp-user1@mailinator.com,Pass19word
perf-prl-cLavF,0SPHIUJ,perf-prl-cLavF-su@mailinator.com,Pass19word,perf-prl-cLavF-user0@mailinator.com,Pass19word
perf-prl-fUDKp,OJTQ7JP,perf-prl-fUDKp-su@mailinator.com,Pass19word,perf-prl-fUDKp-user2@mailinator.com,Pass19word
perf-prl-cLavF,0SPHIUJ,perf-prl-cLavF-su@mailinator.com,Pass19word,perf-prl-cLavF-user1@mailinator.com,Pass19word
perf-prl-fUDKp,OJTQ7JP,perf-prl-fUDKp-su@mailinator.com,Pass19word,perf-prl-fUDKp-user3@mailinator.com,Pass19word
perf-prl-cLavF,0SPHIUJ,perf-prl-cLavF-su@mailinator.com,Pass19word,perf-prl-cLavF-user2@mailinator.com,Pass19word
perf-prl-cLavF,0SPHIUJ,perf-prl-cLavF-su@mailinator.com,Pass19word,perf-prl-cLavF-user3@mailinator.com,Pass19word
